placename,should_have,should_of,longitude,latitude
Abbeyfeale,0.9449903,0.05500967, -9.2970823,52.38618
Aberaeron,0.8961250,0.10387503, -4.2581619,52.24279
Aberdeen,0.8993795,0.10062052, -2.0942780,57.14972
Aberfeldy,0.9164374,0.08356259, -3.8669690,56.62175
Aberystwyth,0.8980326,0.10196739, -4.0829200,52.41530
Abingdon,0.9254021,0.07459787, -1.2879529,51.67078
Achnasheen,0.9246654,0.07533465, -5.0787658,57.57859
Adare,0.9449880,0.05501201, -8.7925892,52.56363
Airdrie,0.9627454,0.03725462, -3.9625660,55.86627
Alderney,0.8647560,0.13524395, -2.1973557,49.71500
Aldershot,0.9008331,0.09916692, -0.7557509,51.24837
Alness,0.9119993,0.08800073, -4.2568250,57.69595
Alnwick,0.8614364,0.13856364, -1.7062990,55.41274
Alston,0.8365761,0.16342394, -2.4386850,54.81217
Altnaharra,0.9063572,0.09364284, -4.4426550,58.28023
Ambleside,0.8535929,0.14640710, -2.9613330,54.42874
Andover,0.9205282,0.07947180, -1.4919233,51.21120
Antrim,0.9344279,0.06557210, -6.2072498,54.71953
Antrim,0.9344279,0.06557210, -6.2072498,54.71953
Arbroath,0.9068879,0.09311213, -2.5915430,56.55911
Armagh,0.9317575,0.06824255, -6.6527920,54.35028
Armagh,0.9317575,0.06824255, -6.6527920,54.35028
Ashbourne,0.8574734,0.14252656, -1.7321790,53.01663
Ashford,0.8947494,0.10525056,  0.8750190,51.14647
Ashington,0.8724359,0.12756411, -1.5659829,55.18298
Athlone,0.9315581,0.06844186, -7.9406898,53.42393
Aviemore,0.9076397,0.09236032, -3.8238120,57.19449
Axminster,0.8352759,0.16472409, -2.9949370,50.78273
Aylesbury,0.9149752,0.08502481, -0.8084000,51.81561
Ayr,0.9160580,0.08394196, -4.6291790,55.45856
Aysgarth,0.8856689,0.11433108, -1.9967434,54.29159
Balivanich,0.9033019,0.09669811, -7.3743509,57.47227
Ballachulish,0.9094340,0.09056604, -5.1337200,56.67393
Ballycastle,0.9332473,0.06675268, -9.3724643,54.27967
Ballymena,0.9091456,0.09085439, -6.2802213,54.86529
Banbridge,0.9268358,0.07316422, -6.2704803,54.34873
Banbury,0.8909676,0.10903241, -1.3397750,52.06290
Banchory,0.9041442,0.09585583, -2.4909599,57.05386
Banff,0.8825960,0.11740399, -2.5240380,57.66651
Bangor,0.8818066,0.11819345, -4.1292630,53.22739
Banham,0.8888242,0.11117583,  1.0402849,52.45125
Bantry,0.9384954,0.06150463, -9.4539805,51.68035
Barnsley,0.9465578,0.05344223, -1.4797260,53.55263
Barnstaple,0.8855735,0.11442654, -4.0583380,51.07816
Barrow-in-Furness,0.8385007,0.16149927, -3.2188940,54.10897
Basingstoke,0.8813271,0.11867294, -1.0923964,51.26654
Bath,0.8839468,0.11605325, -2.3590167,51.38106
Bedford,0.8904005,0.10959951, -0.4667782,52.13864
Belfast,0.9387618,0.06123818, -5.9301200,54.59728
Berwick,0.8874230,0.11257696, -2.0053950,55.77024
Beverley,0.8368270,0.16317301, -0.4350930,53.84196
Bexhill,0.8928874,0.10711257,  0.4662071,50.84991
Bicester,0.9267840,0.07321603, -1.1535899,51.89960
Bideford,0.8934615,0.10653851, -4.2066660,51.01668
Biggleswade,0.8902894,0.10971063, -0.2642200,52.08694
Birkenhead,0.8020374,0.19796257, -3.0230090,53.38999
Birmingham,0.8667212,0.13327881, -1.8904010,52.48624
Bishop Auckland,0.8544860,0.14551396, -1.6787880,54.66382
Bishop's Stortford,0.8658271,0.13417295,  0.1536502,51.87216
Blackburn,0.8592935,0.14070645, -2.4875290,53.74858
Blackpool,0.8193531,0.18064693, -3.0356748,53.81751
Blairgowrie,0.9139446,0.08605541, -3.3378318,56.58941
Blandford Forum,0.8669087,0.13309135, -2.1653530,50.85691
Blyth,0.8555945,0.14440553, -1.5102770,55.12696
Bodmin,0.8758170,0.12418301, -4.7188629,50.47150
Bognor Regis,0.8534012,0.14659880, -0.6730610,50.78300
Boston,0.8531055,0.14689451, -0.0265770,52.97894
Bournemouth,0.8684601,0.13153994, -1.8807690,50.71916
Bradford,0.8793222,0.12067777, -1.7593980,53.79598
Braemar,0.9277030,0.07229700, -3.3979439,57.00647
Braintree,0.8796830,0.12031700,  0.5509269,51.88009
Brecon,0.8679030,0.13209703, -3.3914630,51.94895
Brentwood,0.8299420,0.17005798,  0.3071749,51.62047
Bridgend,0.8802091,0.11979094, -3.5769450,51.50429
Bridgwater,0.8540498,0.14595019, -3.0036320,51.12789
Bridlington,0.8342112,0.16578883, -0.1988020,54.08535
Bridport,0.8409803,0.15901966, -2.7583010,50.73358
Brighton,0.9268433,0.07315665, -0.1371630,50.82253
Bristol,0.8762497,0.12375032, -2.5879100,51.45451
Broadford,0.9012088,0.09879116, -5.9096592,57.24139
Bromsgrove,0.8553124,0.14468759, -2.0619060,52.33559
Brora,0.9059998,0.09400017, -3.8525480,58.01216
Bude,0.8893036,0.11069636, -4.5436780,50.82664
Builth Wells,0.8789318,0.12106825, -3.4045920,52.15002
Burnley,0.8554667,0.14453331, -2.2405035,53.78929
Burton upon Trent,0.8387148,0.16128520, -1.6371359,52.81403
Bury St Edmunds,0.8882416,0.11175839,  0.7104932,52.24292
Buxton,0.8855215,0.11447847, -1.9148300,53.25908
Caernarfon,0.8818606,0.11813938, -4.2739110,53.13955
Cambridge,0.9317528,0.06824719,  0.1218170,52.20534
Camelford,0.8693743,0.13062569, -4.6823640,50.62206
Campbeltown,0.9096859,0.09031406, -5.6053740,55.42412
Canterbury,0.8899670,0.11003297,  1.0789089,51.28023
Cardiff,0.9270027,0.07299733, -3.1790900,51.48158
Cardigan,0.8785162,0.12148377, -4.6608640,52.08370
Carlisle,0.8320213,0.16797871, -2.9329310,54.89247
Carlow,0.9094521,0.09054785, -6.9341359,52.83651
Carmarthen,0.9008425,0.09915749, -4.3121310,51.85762
Castle Douglas,0.8469278,0.15307222, -3.9314140,54.94042
Castleford,0.8800148,0.11998519, -1.3459680,53.72347
Cavan,0.9113358,0.08866417, -7.3633319,53.98972
Charleville,0.9382846,0.06171541, -8.6810176,52.36206
Chatteris,0.8611604,0.13883958,  0.0540120,52.45610
Chelmsford,0.8340377,0.16596226,  0.4685497,51.73559
Cheltenham,0.8852369,0.11476314, -2.0782533,51.89939
Chester,0.8499076,0.15009240, -2.8930750,53.19339
Chesterfield,0.8809677,0.11903233, -1.4216290,53.23505
Chichester,0.8474005,0.15259949, -0.7749360,50.83761
Cinderford,0.8581241,0.14187591, -2.5009579,51.82530
Cirencester,0.9013934,0.09860665, -1.9682430,51.71849
Clacton,0.8647486,0.13525138,  1.1530350,51.78953
Clare,0.9525215,0.04747851, -8.9811351,52.90453
Claremorris,0.9507777,0.04922228, -9.0017356,53.72388
Clitheroe,0.8549517,0.14504828, -2.3930830,53.87110
Cockermouth,0.8324909,0.16750908, -3.3679850,54.66326
Colchester,0.8707647,0.12923535,  0.8918740,51.89593
Coleraine,0.9070414,0.09295856, -6.6646103,55.13258
Colne,0.8618021,0.13819793, -2.1769910,53.85564
Colwyn Bay,0.8356652,0.16433481, -3.7276400,53.29318
Cookstown,0.9220844,0.07791563, -6.7443895,54.64182
Corby,0.8586415,0.14135846, -0.6842333,52.49230
Cork,0.9287497,0.07125026, -8.4756035,51.89851
Corwen,0.8231319,0.17686811, -3.3692420,52.98005
Coventry,0.8744097,0.12559032, -1.5196930,52.40682
Craigavon,0.9241765,0.07582349, -6.4175653,54.44293
Crawley,0.8940188,0.10598117, -0.1872275,51.10914
Crewe,0.8553692,0.14463078, -2.4438209,53.10041
Cromer,0.8844708,0.11552925,  1.3018660,52.93145
Cromer,0.8844708,0.11552925,  1.3018660,52.93145
Cumnock,0.9235652,0.07643484, -4.2658289,55.45355
Cupar,0.9086272,0.09137278, -3.0101370,56.32023
Dalbeattie,0.8465970,0.15340295, -3.8225270,54.93422
Dalkeith,0.9565370,0.04346305, -3.0666060,55.89312
Dalwhinnie,0.9369202,0.06307978, -4.2427830,56.93660
Darlington,0.8133942,0.18660583, -1.5594580,54.52361
Dartmouth,0.8804020,0.11959799, -3.5788070,50.35252
Derby,0.8374812,0.16251878, -1.4746186,52.92253
Dereham,0.8883898,0.11161017,  0.9378270,52.68162
Derry,0.9037589,0.09624112, -7.3085748,54.99661
Derry,0.9037589,0.09624112, -7.3085748,54.99661
Dingle,0.9462310,0.05376895,-10.2640135,52.14094
Dolgellau,0.8944496,0.10555037, -3.8844000,52.74215
Doncaster,0.8861646,0.11383538, -1.1284620,53.52282
Donegal,0.9074939,0.09250615, -8.1096143,54.65383
Doon,0.9143242,0.08567581, -7.6096400,54.18593
Dorchester,0.8541345,0.14586549, -2.4411810,50.71116
Dorking,0.9090497,0.09095031, -0.3323780,51.23220
Dover,0.8812234,0.11877664,  1.3134027,51.12788
Down,0.9328403,0.06715970, -5.7156922,54.32875
Downham Market,0.8368966,0.16310341,  0.3854720,52.60661
Driffield,0.8336080,0.16639199, -0.4433770,54.00600
Drogheda,0.9237581,0.07624190, -6.3560985,53.71786
Dublin,0.9392347,0.06076527, -6.2603097,53.34981
Dudley,0.8433147,0.15668527, -2.0811120,52.51226
Dumbarton,0.9424750,0.05752505, -4.5645540,55.94529
Dumfries,0.8320251,0.16797488, -3.6051200,55.07086
Dunbar,0.9278925,0.07210751, -2.5167370,56.00209
Dundee,0.9170006,0.08299938, -2.9707210,56.46202
Dunfermline,0.9132523,0.08674769, -3.4521510,56.07174
Dungannon,0.9224940,0.07750603, -6.7669352,54.50827
Dunoon,0.9365037,0.06349629, -4.9262140,55.95097
Dunvegan,0.9027123,0.09728774, -6.5813982,57.43660
Durham,0.8538801,0.14611985, -1.5848520,54.77525
Eastbourne,0.9168642,0.08313584,  0.2904720,50.76803
Edinburgh,0.9565961,0.04340395, -3.1882670,55.95325
Elgin,0.9078705,0.09212946, -3.3184850,57.64945
Ely,0.8914750,0.10852496,  0.2623630,52.39954
Enniskillen,0.9128970,0.08710300, -7.6315336,54.34382
Ennistymon,0.9542834,0.04571661, -9.2934951,52.94037
Evesham,0.8913361,0.10866392, -1.9467700,52.09215
Exeter,0.8866612,0.11333879, -3.5338990,50.71841
Falkirk,0.9478557,0.05214432, -3.7839131,56.00188
Falmouth,0.8747154,0.12528462, -5.0662700,50.15257
Faversham,0.8844956,0.11550435,  0.8893580,51.31599
Felixstowe,0.8666087,0.13339131,  1.3512550,51.96173
Fermanagh,0.9128970,0.08710300, -7.6318728,54.34383
Fishguard,0.8780333,0.12196668, -4.9759890,51.99393
Folkestone,0.8896425,0.11035753,  1.1694560,51.08140
Forfar,0.9090561,0.09094387, -2.8890620,56.64356
Fort William,0.9043180,0.09568204, -5.1052179,56.81982
Fortuneswell,0.8614951,0.13850490, -2.4422190,50.55919
Fraserburgh,0.9021685,0.09783149, -2.0076310,57.69335
Gainsborough,0.8181425,0.18185754, -0.7744650,53.40058
Galashiels,0.9265059,0.07349408, -2.8144490,55.62373
Galway,0.9559470,0.04405296, -9.0567905,53.27067
Gillingham,0.8644405,0.13555955,  0.5514380,51.38632
Girvan,0.9107212,0.08927877, -4.8542179,55.24016
Glasgow,0.9565532,0.04344678, -4.2518060,55.86424
Glastonbury,0.8500136,0.14998642, -2.7184540,51.14743
Gloucester,0.8750804,0.12491963, -2.2381560,51.86424
Golspie,0.9084414,0.09155861, -3.9760860,57.97341
Grantham,0.8785899,0.12141011, -0.6435820,52.91252
Grantown-on-Spey,0.8895706,0.11042945, -3.6096280,57.33041
Great Yarmouth,0.8859393,0.11406073,  1.7280470,52.59823
Greenock,0.9375439,0.06245611, -4.7719830,55.95648
Grimsby,0.8232811,0.17671889, -0.0807840,53.56747
Guernsey,0.8654952,0.13450479, -2.5852780,49.46569
Guildford,0.8921310,0.10786901, -0.5704090,51.23622
Halifax,0.8786064,0.12139360, -1.8575400,53.72702
Harrogate,0.9046633,0.09533671, -1.5418120,53.99212
Hartlepool,0.7929492,0.20705079, -1.2129260,54.69174
Harwich,0.8648695,0.13513053,  1.2602970,51.93473
Hastings,0.8856010,0.11439896,  0.5734530,50.85426
Haverfordwest,0.8734257,0.12657431, -4.9713190,51.80047
Hawes,0.8652187,0.13478132, -2.1968695,54.30383
Hawick,0.8898551,0.11014493, -2.7809140,55.42706
Heathrow,0.9189189,0.08108108, -0.4542955,51.47002
Helensburgh,0.9417231,0.05827690, -4.7340140,56.00232
Helmsley,0.9049135,0.09508647, -1.0562636,54.24651
Helston,0.8747154,0.12528462, -5.2749960,50.10159
Hereford,0.8601501,0.13984989, -2.7159740,52.05640
Hexham,0.8746061,0.12539394, -2.1121439,54.97266
High Wycombe,0.9205698,0.07943025, -0.7482290,51.62861
Holt,0.8869313,0.11306868,  1.0867470,52.90936
Holyhead,0.8823408,0.11765917, -4.6330380,53.30944
Horncastle,0.8782289,0.12177106, -0.1124500,53.20731
Horsham,0.8994887,0.10051126, -0.3258580,51.06288
Hove,0.9239243,0.07607574, -0.1687490,50.82793
Huddersfield,0.8812833,0.11871668, -1.7850351,53.64579
Hull,0.8326934,0.16730658, -0.3274198,53.76762
Hunstanton,0.8324771,0.16752285,  0.4910320,52.93891
Huntingdon,0.9175713,0.08242870, -0.1825520,52.33146
Inchnadamph,0.9196901,0.08030986, -4.9742950,58.15221
Invergarry,0.8947861,0.10521394, -4.8002610,57.07095
Invergordon,0.9115452,0.08845481, -4.1728820,57.68811
Inverness,0.9190834,0.08091665, -4.2247210,57.47777
Ipswich,0.8776506,0.12234940,  1.1482200,52.05674
Irvine,0.9190309,0.08096907, -4.6696364,55.61157
Islay,0.9301948,0.06980523, -6.1770670,55.73625
Isle of Man,0.8420962,0.15790377, -4.5126331,54.27697
Isle of Wight,0.8594459,0.14055407, -1.3047340,50.69385
Isle of Wight,0.8594459,0.14055407, -1.3047340,50.69385
Jedburgh,0.8835610,0.11643900, -2.5549369,55.47772
Jersey,0.8652248,0.13477516, -2.1312500,49.21444
John o' Groats,0.9087806,0.09121936, -3.0688997,58.63734
Keighley,0.8893149,0.11068505, -1.9123580,53.86780
Kelso,0.8934700,0.10653001, -2.4322070,55.60003
Kendal,0.8657375,0.13426254, -2.7462900,54.32801
Keswick,0.8251904,0.17480961, -3.1347060,54.60128
Kettering,0.8514573,0.14854267, -0.7302490,52.39632
Kidderminster,0.8678485,0.13215149, -2.2496839,52.38860
Kildare,0.9032481,0.09675191, -6.8194708,53.21204
Kilkeel,0.9256104,0.07438962, -6.0070040,54.06312
Kilkenny,0.9002077,0.09979235, -7.2447879,52.65415
Killarney,0.9403118,0.05968817, -9.5044265,52.05994
Kilmarnock,0.9219422,0.07805778, -4.4987920,55.61472
King's Lynn,0.8467071,0.15329289,  0.4022963,52.75168
Kingsbridge,0.8709075,0.12909250, -3.7774930,50.28395
Kirkcaldy,0.9420224,0.05797759, -3.1581370,56.11682
Kirkwall,0.9081601,0.09183990, -2.9622491,58.98467
Kyle of Lochalsh,0.8988487,0.10115132, -5.7143293,57.28261
Lairg,0.9103510,0.08964896, -4.4024140,58.02206
Lampeter,0.8994975,0.10050251, -4.0785090,52.11290
Lancaster,0.8642927,0.13570728, -2.8007399,54.04657
Langholm,0.8444187,0.15558132, -2.9989130,55.15306
Laois,0.9101545,0.08984551, -7.3323007,52.99430
Launceston,0.8738208,0.12617925, -4.3604516,50.63683
Leamington Spa,0.8967871,0.10321293, -1.5200789,52.28519
Leeds,0.9090974,0.09090264, -1.5490774,53.80076
Leicester,0.8715584,0.12844156, -1.1397592,52.63688
Leitrim,0.9127225,0.08727753, -8.0020132,54.12469
Lewes,0.9315709,0.06842908,  0.0087800,50.87387
Limerick,0.9451071,0.05489286, -8.6267343,52.66384
Lincoln,0.8854046,0.11459537, -0.5405790,53.23069
Liskeard,0.8676220,0.13237798, -4.4647190,50.45552
Liverpool,0.8009452,0.19905484, -2.9915726,53.40837
Livingston,0.9495266,0.05047341, -3.5180680,55.90071
Llandeilo,0.9016719,0.09832809, -3.9914300,51.88469
Llandrindod Wells,0.8828779,0.11712214, -3.3777420,52.24170
Llandudno,0.8444189,0.15558108, -3.8276090,53.32406
Llandudno,0.8444189,0.15558108, -3.8276090,53.32406
Llanelli,0.8781085,0.12189153, -4.1602480,51.68089
Llangefni,0.8833422,0.11665782, -4.3114020,53.25579
Llangollen,0.8305179,0.16948207, -3.1716600,52.96921
Llanidloes,0.8923767,0.10762332, -3.5401950,52.44779
Lochgilphead,0.9379945,0.06200553, -5.4323449,56.03829
Lockerbie,0.8324040,0.16759603, -3.3490080,55.12224
London,0.9417525,0.05824754, -0.1277583,51.50735
Longford,0.9195271,0.08047293, -7.7932573,53.72763
Loughborough,0.8892400,0.11075998, -1.2061660,52.77210
Loughrea,0.9535419,0.04645810, -8.5660931,53.19891
Louth,0.9191801,0.08081987, -6.4889423,53.92523
Louth_Lincs,0.8657430,0.13425703, -0.0077110,53.36596
Lowestoft,0.8877395,0.11226047,  1.7534490,52.48114
Ludlow,0.8357934,0.16420664, -2.7139129,52.36775
Luton,0.8915225,0.10847750, -0.4200255,51.87867
Lyme Regis,0.8438157,0.15618432, -2.9366390,50.72516
Macclesfield,0.8918265,0.10817346, -2.1192870,53.25866
Machynlleth,0.8945846,0.10541537, -3.8534850,52.59027
Magherafelt,0.9185804,0.08141962, -6.6079805,54.75537
Maldon,0.8656260,0.13437398,  0.6714480,51.73181
Mallow,0.9379401,0.06205989, -8.6539164,52.13898
Malton,0.8992335,0.10076646, -0.7978970,54.13684
Manchester,0.8702206,0.12977937, -2.2426305,53.48076
Mansfield,0.8505259,0.14947411, -1.1986740,53.14720
March,0.8576022,0.14239785,  0.0886220,52.55172
Margate,0.8898019,0.11019813,  1.3868339,51.38965
Market Drayton,0.8273981,0.17260194, -2.4834850,52.90355
Market Weighton,0.8359418,0.16405820, -0.6677465,53.86484
Marlborough,0.8718808,0.12811923, -1.7270620,51.42007
Mayo,0.9421898,0.05781017, -9.4289369,54.01526
Meath,0.9253197,0.07468031, -6.6564169,53.60555
Medway,0.8647504,0.13524961,  0.5417861,51.40474
Melton Mowbray,0.8947741,0.10522586, -0.8871260,52.76640
Merthyr Tydfil,0.8676980,0.13230196, -3.3816460,51.74873
Middlesbrough,0.7967711,0.20322893, -1.2349560,54.57423
Midhurst,0.8821267,0.11787327, -0.7372740,50.98690
Mildenhall,0.8859454,0.11405463,  0.5156095,52.34757
Milford Haven,0.8775880,0.12241201, -5.0426971,51.71431
Milton Keynes,0.8928980,0.10710198, -0.7594171,52.04062
Minehead,0.8893481,0.11065185, -3.4811520,51.20428
Mold,0.8405329,0.15946706, -3.1419030,53.16720
Mold,0.8405329,0.15946706, -3.1419030,53.16720
Monaghan,0.9194498,0.08055022, -6.9683132,54.24920
Montrose,0.9070196,0.09298035, -2.4661150,56.70692
Morecambe,0.8468404,0.15315963, -2.8649680,54.07417
Motherwell,0.9553659,0.04463415, -3.9810968,55.78321
Mull,0.9359008,0.06409918, -6.0008870,56.43920
Mullingar,0.9089775,0.09102253, -7.3401868,53.52582
Nantwich,0.8515574,0.14844263, -2.5241020,53.06719
Nenagh,0.9452333,0.05476673, -8.1983400,52.86350
New Romney,0.8835012,0.11649885,  0.9394730,50.98512
Newark-on-Trent,0.8544231,0.14557692, -0.8065700,53.07004
Newbury,0.9000892,0.09991079, -1.3231139,51.40141
Newcastle,0.8665658,0.13343424, -1.6177800,54.97825
Newcastle-under-Lyme,0.8123655,0.18763449, -2.2273002,53.01321
Newport,0.8497402,0.15025985, -2.9976640,51.58415
Newquay,0.8781310,0.12186898, -5.0737190,50.41550
Newry,0.9232156,0.07678443, -6.3402300,54.17510
Newton Stewart,0.8839551,0.11604486, -4.4831640,54.96030
Newtown,0.8804283,0.11957168, -3.3131060,52.51211
Northallerton,0.8337766,0.16622340, -1.4299590,54.33796
Northampton,0.8887101,0.11128989, -0.9026560,52.24048
Norwich,0.8918541,0.10814587,  1.2973550,52.63089
Nottingham,0.8726414,0.12735859, -1.1581086,52.95478
Nuneaton,0.8665241,0.13347591, -1.4653820,52.52049
Oban,0.9312037,0.06879629, -5.4710470,56.41516
Offaly,0.9117947,0.08820527, -7.7122229,53.23569
Okehampton,0.8998530,0.10014698, -4.0042630,50.73831
Omagh,0.9051149,0.09488515, -7.3099597,54.59771
Orkney Islands,0.9081031,0.09189693, -2.9605206,58.98094
Oswestry,0.8425330,0.15746697, -3.0564120,52.85715
Otley,0.8942497,0.10575033, -1.6917860,53.90583
Oxenholme,0.8737572,0.12624282, -2.7243328,54.30134
Oxford,0.9238322,0.07616782, -1.2577263,51.75202
Paignton,0.8891717,0.11082825, -3.5642350,50.43508
Peebles,0.9532885,0.04671149, -3.1936420,55.65307
Pembroke,0.8780928,0.12190722, -4.9086370,51.67404
Penrith,0.8388448,0.16115518, -2.7527080,54.66410
Penzance,0.8753769,0.12462306, -5.5375920,50.11880
Perth,0.9064964,0.09350357, -3.4308381,56.39499
Peterborough,0.8567994,0.14320061, -0.2405299,52.56950
Peterhead,0.9021634,0.09783663, -1.7840660,57.50812
Petersfield,0.8555422,0.14445778, -0.9389900,51.00759
Pitlochry,0.9096006,0.09039944, -3.7297110,56.70436
Plymouth,0.8765619,0.12343811, -4.1426565,50.37546
Poole,0.8705211,0.12947886, -1.9872480,50.71505
Porthmadog,0.8965436,0.10345645, -4.1333840,52.92784
Portree,0.9015330,0.09846698, -6.1960231,57.41247
Portsmouth,0.8456838,0.15431625, -1.0879769,50.81977
Prestatyn,0.8133082,0.18669184, -3.4076130,53.33651
Preston,0.8555513,0.14444868, -2.7030900,53.76320
Pwllheli,0.9046131,0.09538687, -4.4176339,52.88882
Ramsgate,0.8883489,0.11165114,  1.4198950,51.33555
Reading,0.9068742,0.09312579, -0.9781303,51.45426
Redruth,0.8747911,0.12520894, -5.2266660,50.23302
Reeth,0.8365656,0.16343441, -1.9428115,54.38946
Retford,0.8583480,0.14165198, -0.9455030,53.32136
Rhyl,0.8198828,0.18011724, -3.4916340,53.31914
Ringwood,0.8673914,0.13260859, -1.7888170,50.84495
Rochdale,0.8633644,0.13663562, -2.1561000,53.60971
Roscommon,0.9410872,0.05891277, -8.1890955,53.62759
Ross-on-Wye,0.8527137,0.14728631, -2.5824460,51.91445
Rosslare,0.9036163,0.09638369, -6.3414908,52.25131
Rotherham,0.9559668,0.04403317, -1.3635009,53.43260
Rothesay,0.9318256,0.06817443, -5.0557930,55.83596
Royston,0.8969313,0.10306871, -0.0240660,52.04814
Rugby,0.8805343,0.11946574, -1.2650320,52.37088
Ruthin,0.8178934,0.18210660, -3.3103108,53.11487
Ruthin,0.8178934,0.18210660, -3.3103108,53.11487
Salisbury,0.8965927,0.10340734, -1.7944720,51.06878
Saltash,0.8690742,0.13092582, -4.2164300,50.40921
Sark,0.8653086,0.13469139, -2.3666256,49.43007
Scarborough,0.8523557,0.14764433, -0.3997520,54.28311
Scilly Isles,0.8757304,0.12426962, -6.3274966,49.92773
Scunthorpe,0.8418319,0.15816812, -0.6544130,53.58865
Sedbergh,0.8640945,0.13590548, -2.5281740,54.32363
Sedbergh,0.8640945,0.13590548, -2.5281740,54.32363
Selby,0.8878015,0.11219845, -1.0671890,53.78352
Selkirk,0.9112368,0.08876319, -2.8385240,55.55066
Sevenoaks,0.9137971,0.08620291,  0.1908980,51.27241
Shaftesbury,0.8870863,0.11291369, -2.1980830,51.00460
Sheffield,0.9544719,0.04552812, -1.4700850,53.38113
Sheringham,0.8854896,0.11451045,  1.2109589,52.94442
Shetland Islands,0.9015667,0.09843334, -1.2659409,60.52965
Shrewsbury,0.8378189,0.16218107, -2.7553268,52.70730
Sidmouth,0.8807288,0.11927116, -3.2375600,50.67865
Skegness,0.8350611,0.16493887,  0.3378810,53.14640
Skipton,0.8823795,0.11762049, -2.0162787,53.96285
Sligo,0.9175059,0.08249410, -8.4760888,54.27661
Slough,0.8994381,0.10056185, -0.5950406,51.51054
South Shields,0.8497079,0.15029214, -1.4274060,54.99942
Southampton,0.8903431,0.10965695, -1.4043509,50.90970
Southend,0.8305518,0.16944823,  0.7077123,51.54593
Southport,0.8260120,0.17398799, -3.0101130,53.64571
Spalding,0.8504966,0.14950342, -0.1537024,52.79010
St Andrews,0.9061899,0.09381010, -2.7967214,56.33978
St Austell,0.8752887,0.12471132, -4.7834252,50.34038
St Neots,0.9058219,0.09417808, -0.2651030,52.23008
Stafford,0.8629880,0.13701199, -2.1206600,52.80669
Stanhope,0.8595825,0.14041749, -2.0113020,54.74946
Stevenage,0.8957813,0.10421874, -0.1966120,51.90376
Stirling,0.9426899,0.05731008, -3.9369029,56.11652
Stockton,0.7996130,0.20038696, -1.3289821,54.57046
Stoke-on-Trent,0.8216009,0.17839912, -2.1794040,53.00267
Stornoway,0.9258954,0.07410457, -6.3848692,58.20943
Strabane,0.9012704,0.09872956, -7.4633103,54.82739
Stranraer,0.9140745,0.08592547, -5.0240550,54.90337
Stratford-upon-Avon,0.9035593,0.09644072, -1.7082980,52.19173
Street,0.8540568,0.14594325, -2.7429190,51.12468
Sunderland,0.8415262,0.15847380, -1.3838010,54.90687
Swaffham,0.8521596,0.14784043,  0.6874810,52.64747
Swansea,0.8768722,0.12312777, -3.9436460,51.62144
Swindon,0.8709198,0.12908022, -1.7797176,51.55577
Tain,0.9116760,0.08832404, -4.0552300,57.81150
Taunton,0.8507919,0.14920811, -3.1068490,51.01534
Tavistock,0.8737369,0.12626314, -4.1416540,50.55112
Telford,0.8518574,0.14814263, -2.4672611,52.67759
Tenby,0.8774409,0.12255910, -4.7035790,51.67274
Thetford,0.8908069,0.10919310,  0.7516570,52.41286
Thirsk,0.8918761,0.10812395, -1.3413770,54.23385
Thurso,0.9092516,0.09074844, -3.5220800,58.59357
Tipperary,0.9268801,0.07311986, -8.1618514,52.47379
Tiverton,0.8918874,0.10811261, -3.4912070,50.90205
Tiverton,0.8918874,0.10811261, -3.4912070,50.90205
Torquay,0.8906059,0.10939414, -3.5253150,50.46192
Totnes,0.8802666,0.11973337, -3.6857970,50.43374
Towcester,0.8977956,0.10220441, -0.9896880,52.13511
Tralee,0.9466008,0.05339915, -9.6999325,52.27131
Tregaron,0.8951907,0.10480934, -3.9343850,52.22000
Tregaron,0.8951907,0.10480934, -3.9343850,52.22000
Trowbridge,0.8942632,0.10573683, -2.2088530,51.31966
Truro,0.8754137,0.12458626, -5.0510410,50.26320
Tunbridge Wells,0.9313182,0.06868179,  0.2636950,51.13238
Turriff,0.9029999,0.09700011, -2.4623000,57.53893
Tyrone,0.9169401,0.08305989, -7.1312320,54.49121
Tywyn,0.8969754,0.10302464, -4.0872490,52.58701
Uckfield,0.9239503,0.07604971,  0.0959130,50.96641
Ullapool,0.9249851,0.07501488, -5.1613130,57.89542
Wadebridge,0.8817987,0.11820128, -4.8364560,50.51665
Wakefield,0.8877326,0.11226742, -1.5059240,53.68330
Walsall,0.8221376,0.17786236, -1.9829190,52.58621
Warrington,0.8098998,0.19010020, -2.5969501,53.39004
Waterford,0.9005856,0.09941436, -7.1100702,52.25932
Wellingborough,0.8754245,0.12457549, -0.6939640,52.30242
Wells,0.8776523,0.12234767, -2.6445979,51.20935
Welshpool,0.8598865,0.14011354, -3.1464070,52.66035
Welwyn Garden City,0.8995312,0.10046883, -0.2086610,51.80317
Western Isles,0.9196698,0.08033018, -7.0194034,57.75989
Westmeath,0.9071506,0.09284935, -7.4653217,53.53453
Weston-super-Mare,0.9150121,0.08498793, -2.9772550,51.34741
Wetherby,0.9127014,0.08729859, -1.3848160,53.92706
Wexford,0.9008487,0.09915134, -6.4633381,52.33692
Weymouth,0.8573887,0.14261131, -2.4576210,50.61443
Whitby,0.7960748,0.20392518, -0.6133470,54.48633
Whitchurch,0.8351449,0.16485507, -2.6820450,52.96872
Whitehaven,0.8388424,0.16115756, -3.5892330,54.54970
Wick,0.9087806,0.09121936, -3.0937160,58.43894
Wicklow,0.9253536,0.07464644, -6.0445890,52.98082
Wigan,0.8006148,0.19938517, -2.6325074,53.54506
Wincanton,0.8616627,0.13833729, -2.4160070,51.05569
Wisbech,0.8458206,0.15417938,  0.1587970,52.66632
Witney,0.9225498,0.07745017, -1.4850544,51.78594
Woking,0.9002589,0.09974112, -0.5600349,51.31677
Wolverhampton,0.8320155,0.16798454, -2.1288200,52.58697
Worcester,0.8798216,0.12017837, -2.2215750,52.19364
Workington,0.8335693,0.16643072, -3.5427520,54.64357
Worksop,0.8589452,0.14105476, -1.1227450,53.30930
Worthing,0.9181013,0.08189870, -0.3728820,50.81787
Wrexham,0.8459952,0.15400484, -2.9924940,53.04304
Yeovil,0.8484323,0.15156767, -2.6333080,50.94206
York,0.9143984,0.08560163, -1.0872979,53.95997
